"('color', 'sport')",1.0,2,0.70975056689342408,subject0,500,9
"('base', 'color')",1.0,2,0.83106575963718821,subject1,500,9
"('color', 'pass')",1.0,2,0.79478458049886613,subject2,500,9
"('color', 'pass')",1.0,2,0.85487528344671204,subject3,500,9
"('base', 'color')",0.9285714285714286,2,0.74263038548752847,subject4,500,9
"('base', 'color')",1.0,2,0.6655328798185941,subject5,500,9
"('base', 'color')",0.95238095238095233,2,0.7482993197278911,subject6,500,9
"('color', 'pass')",1.0,2,0.75396825396825407,subject7,500,9
"('color', 'pass')",0.95238095238095233,2,0.68140589569161003,subject8,500,9
"('base', 'color')",0.95238095238095233,2,0.72335600907029474,subject9,500,9
"('base', 'sport')",0.90476190476190477,2,0.60770975056689347,subject10,500,9
"('color', 'song')",1.0,2,0.71768707482993188,subject11,500,9
"('base', 'song')",0.95238095238095233,2,0.75623582766439901,subject12,500,9
"('base', 'song')",1.0,2,0.82312925170068019,subject13,500,9
"('color', 'pass')",1.0,2,0.66666666666666663,subject14,500,9
"('color', 'sport')",1.0,2,0.68934240362811805,subject0,500,8
"('base', 'color')",1.0,2,0.85600907029478468,subject1,500,8
"('color', 'pass')",1.0,2,0.8083900226757369,subject2,500,8
"('color', 'pass')",1.0,2,0.81632653061224503,subject3,500,8
"('color', 'pass')",0.95238095238095233,2,0.75056689342403637,subject4,500,8
"('base', 'color')",1.0,2,0.6655328798185941,subject5,500,8
"('base', 'color')",0.95238095238095233,2,0.71882086167800463,subject6,500,8
"('color', 'pass')",0.95238095238095233,2,0.72448979591836737,subject7,500,8
"('base', 'eye')",0.9285714285714286,2,0.66326530612244894,subject8,500,8
"('color', 'finger')",1.0,2,0.70634920634920639,subject9,500,8
"('base', 'pass')",0.88095238095238082,2,0.60770975056689336,subject10,500,8
"('base', 'color')",1.0,2,0.69387755102040816,subject11,500,8
"('color', 'song')",0.88095238095238082,2,0.73696145124716539,subject12,500,8
"('color', 'song')",1.0,2,0.79705215419501152,subject13,500,8
"('color', 'pass')",0.95238095238095233,2,0.69614512471655332,subject14,500,8
"('color', 'pass')",0.95238095238095233,2,0.67006802721088443,subject0,500,7
"('base', 'color')",1.0,2,0.84693877551020402,subject1,500,7
"('color', 'pass')",1.0,2,0.76417233560090703,subject2,500,7
"('color', 'pass')",1.0,2,0.82426303854875282,subject3,500,7
"('color', 'song')",0.95238095238095233,2,0.73469387755102045,subject4,500,7
"('base', 'color')",1.0,2,0.68367346938775519,subject5,500,7
"('base', 'color')",1.0,2,0.74263038548752824,subject6,500,7
"('color', 'pass')",1.0,2,0.75736961451247176,subject7,500,7
"('color', 'song')",0.95238095238095233,2,0.67913832199546487,subject8,500,7
"('base', 'color')",0.95238095238095233,2,0.70748299319727881,subject9,500,7
"('base', 'eye')",0.88095238095238082,2,0.62131519274376412,subject10,500,7
"('color', 'song')",1.0,2,0.68140589569160992,subject11,500,7
"('finger', 'song')",0.88095238095238082,2,0.73922902494331055,subject12,500,7
"('color', 'song')",1.0,2,0.80612244897959195,subject13,500,7
"('color', 'pass')",0.95238095238095233,2,0.69727891156462563,subject14,500,7
"('color', 'pass')",0.95238095238095233,2,0.6734693877551019,subject0,500,6.0
"('base', 'color')",1.0,2,0.83900226757369634,subject1,500,6.0
"('color', 'pass')",1.0,2,0.7891156462585035,subject2,500,6.0
"('base', 'song')",1.0,2,0.84467120181405897,subject3,500,6.0
"('color', 'sport')",1.0,2,0.74263038548752835,subject4,500,6.0
"('base', 'color')",1.0,2,0.64739229024943323,subject5,500,6.0
"('base', 'color')",0.90476190476190477,2,0.69727891156462585,subject6,500,6.0
"('color', 'pass')",0.95238095238095233,2,0.72222222222222221,subject7,500,6.0
"('base', 'eye')",1.0,2,0.68480725623582772,subject8,500,6.0
"('color', 'eye')",0.95238095238095233,2,0.68934240362811783,subject9,500,6.0
"('eye', 'finger')",0.8571428571428571,2,0.65759637188208619,subject10,500,6.0
"('color', 'song')",0.95238095238095233,2,0.68367346938775508,subject11,500,6.0
"('base', 'song')",0.95238095238095233,2,0.67120181405895674,subject12,500,6.0
"('color', 'song')",1.0,2,0.79478458049886636,subject13,500,6.0
"('color', 'pass')",0.95238095238095233,2,0.68707482993197255,subject14,500,6.0
"('color', 'song')",0.95238095238095233,2,0.71882086167800452,subject0,500,5.0
"('color', 'pass')",1.0,2,0.85374149659863952,subject1,500,5.0
"('color', 'pass')",1.0,2,0.79818594104308394,subject2,500,5.0
"('base', 'song')",1.0,2,0.78344671201814065,subject3,500,5.0
"('base', 'color')",1.0,2,0.74149659863945572,subject4,500,5.0
"('base', 'color')",1.0,2,0.6462585034013606,subject5,500,5.0
"('color', 'song')",0.90476190476190477,2,0.69501133786848057,subject6,500,5.0
"('color', 'pass')",0.95238095238095233,2,0.72448979591836737,subject7,500,5.0
"('base', 'eye')",1.0,2,0.69047619047619047,subject8,500,5.0
"('color', 'eye')",0.95238095238095233,2,0.70181405895691606,subject9,500,5.0
"('base', 'eye')",0.88095238095238082,2,0.62244897959183665,subject10,500,5.0
"('color', 'song')",1.0,2,0.64172335600907027,subject11,500,5.0
"('color', 'song')",0.88095238095238082,2,0.66439909297052135,subject12,500,5.0
"('finger', 'song')",1.0,2,0.81405895691609975,subject13,500,5.0
"('color', 'pass')",1.0,2,0.70634920634920617,subject14,500,5.0
"('color', 'song')",0.95238095238095233,2,0.67687074829931981,subject0,500,4.0
"('color', 'pass')",1.0,2,0.85147392290249446,subject1,500,4.0
"('color', 'pass')",1.0,2,0.73809523809523814,subject2,500,4.0
"('base', 'song')",1.0,2,0.76417233560090714,subject3,500,4.0
"('base', 'color')",1.0,2,0.73015873015873023,subject4,500,4.0
"('eye', 'finger')",0.95238095238095233,2,0.67913832199546487,subject5,500,4.0
"('base', 'color')",1.0,2,0.72562358276643979,subject6,500,4.0
"('color', 'pass')",0.95238095238095233,2,0.65986394557823125,subject7,500,4.0
"('base', 'eye')",1.0,2,0.63718820861678005,subject8,500,4.0
"('color', 'eye')",0.95238095238095233,2,0.69274376417233563,subject9,500,4.0
"('base', 'pass')",0.88095238095238082,2,0.61451247165532885,subject10,500,4.0
"('color', 'song')",1.0,2,0.66099773242630377,subject11,500,4.0
"('finger', 'sport')",0.83333333333333326,2,0.65646258503401345,subject12,500,4.0
"('finger', 'song')",0.95238095238095233,2,0.80725623582766437,subject13,500,4.0
"('color', 'pass')",1.0,2,0.74376417233560077,subject14,500,4.0
"('color', 'song')",0.95238095238095233,2,0.70181405895691606,subject0,500,3.0
"('color', 'pass')",1.0,2,0.85487528344671204,subject1,500,3.0
"('color', 'pass')",1.0,2,0.71655328798185947,subject2,500,3.0
"('pass', 'song')",1.0,2,0.79365079365079372,subject3,500,3.0
"('color', 'eye')",1.0,2,0.73469387755102034,subject4,500,3.0
"('color', 'song')",0.90476190476190488,2,0.65079365079365081,subject5,500,3.0
"('base', 'song')",0.95238095238095233,2,0.73129251700680276,subject6,500,3.0
"('base', 'pass')",0.88095238095238082,2,0.66213151927437652,subject7,500,3.0
"('base', 'eye')",1.0,2,0.6462585034013606,subject8,500,3.0
"('color', 'eye')",0.90476190476190477,2,0.6621315192743763,subject9,500,3.0
"('eye', 'sport')",0.8571428571428571,2,0.57823129251700689,subject10,500,3.0
"('color', 'song')",1.0,2,0.62698412698412698,subject11,500,3.0
"('color', 'pass')",0.88095238095238082,2,0.65646258503401345,subject12,500,3.0
"('finger', 'song')",0.95238095238095233,2,0.81972789115646283,subject13,500,3.0
"('color', 'pass')",1.0,2,0.73469387755102056,subject14,500,3.0
"('color', 'eye')",0.95238095238095233,2,0.68934240362811794,subject0,500,2.0
"('color', 'pass')",1.0,2,0.79478458049886613,subject1,500,2.0
"('color', 'song')",1.0,2,0.71315192743764177,subject2,500,2.0
"('finger', 'pass')",0.95238095238095233,2,0.7176870748299321,subject3,500,2.0
"('base', 'eye')",0.95238095238095233,2,0.66439909297052147,subject4,500,2.0
"('base', 'pass')",0.90476190476190477,2,0.66439909297052158,subject5,500,2.0
"('base', 'sport')",1.0,2,0.70181405895691618,subject6,500,2.0
"('color', 'pass')",0.90476190476190477,2,0.65986394557823125,subject7,500,2.0
"('base', 'eye')",1.0,2,0.59297052154195018,subject8,500,2.0
"('color', 'eye')",1.0,2,0.65873015873015872,subject9,500,2.0
"('base', 'eye')",0.83333333333333337,2,0.56349206349206349,subject10,500,2.0
"('color', 'song')",0.95238095238095233,2,0.58503401360544216,subject11,500,2.0
"('color', 'pass')",0.88095238095238082,2,0.66439909297052124,subject12,500,2.0
"('base', 'song')",0.95238095238095233,2,0.79251700680272141,subject13,500,2.0
"('color', 'pass')",0.95238095238095233,2,0.66893424036281179,subject14,500,2.0
"('color', 'pass')",0.90476190476190477,2,0.66439909297052147,subject0,500,1.0
"('color', 'pass')",1.0,2,0.77210884353741482,subject1,500,1.0
"('color', 'song')",1.0,2,0.68480725623582772,subject2,500,1.0
"('eye', 'pass')",1.0,2,0.73582766439909297,subject3,500,1.0
"('color', 'song')",0.90476190476190477,2,0.65986394557823125,subject4,500,1.0
"('base', 'color')",0.90476190476190488,2,0.69614512471655332,subject5,500,1.0
"('color', 'sport')",0.90476190476190477,2,0.65419501133786839,subject6,500,1.0
"('pass', 'sport')",0.95238095238095233,2,0.71201814058956925,subject7,500,1.0
"('base', 'eye')",0.95238095238095233,2,0.60090702947845798,subject8,500,1.0
"('eye', 'song')",0.90476190476190477,2,0.62698412698412687,subject9,500,1.0
"('base', 'eye')",0.95238095238095233,2,0.59523809523809512,subject10,500,1.0
"('color', 'pass')",0.90476190476190477,2,0.58956916099773238,subject11,500,1.0
"('color', 'pass')",0.88095238095238082,2,0.68253968253968245,subject12,500,1.0
"('base', 'song')",1.0,2,0.75736961451247165,subject13,500,1.0
"('base', 'pass')",0.95238095238095233,2,0.62585034013605434,subject14,500,1.0
"('color', 'song')",0.88095238095238082,2,0.5714285714285714,subject0,500,0.5
"('base', 'color')",1.0,2,0.70861678004535145,subject1,500,0.5
"('color', 'pass')",0.9285714285714286,2,0.62018140589569182,subject2,500,0.5
"('pass', 'song')",1.0,2,0.72108843537414946,subject3,500,0.5
"('base', 'sport')",0.95238095238095233,2,0.63945578231292521,subject4,500,0.5
"('color', 'eye')",0.90476190476190488,2,0.58163265306122458,subject5,500,0.5
"('color', 'sport')",0.9285714285714286,2,0.63832199546485247,subject6,500,0.5
"('color', 'pass')",0.8571428571428571,2,0.59750566893424029,subject7,500,0.5
"('color', 'eye')",1.0,2,0.65759637188208608,subject8,500,0.5
"('eye', 'sport')",0.90476190476190477,2,0.63605442176870741,subject9,500,0.5
"('eye', 'pass')",0.88095238095238082,2,0.62358276643990918,subject10,500,0.5
"('color', 'pass')",0.95238095238095233,2,0.63265306122448972,subject11,500,0.5
"('color', 'pass')",0.8571428571428571,2,0.6723356009070296,subject12,500,0.5
"('color', 'song')",1.0,2,0.6507936507936507,subject13,500,0.5
"('color', 'pass')",0.95238095238095233,2,0.4625850340136054,subject14,500,0.5
"('color', 'pass')",1.0,2,0.69160997732426299,subject0,300,9
"('base', 'color')",1.0,2,0.83219954648526084,subject1,300,9
"('color', 'pass')",1.0,2,0.78798185941043086,subject2,300,9
"('color', 'pass')",1.0,2,0.83673469387755106,subject3,300,9
"('color', 'sport')",1.0,2,0.76984126984126988,subject4,300,9
"('base', 'color')",1.0,2,0.67913832199546487,subject5,300,9
"('base', 'color')",1.0,2,0.76530612244897944,subject6,300,9
"('color', 'pass')",1.0,2,0.72448979591836726,subject7,300,9
"('base', 'pass')",0.95238095238095233,2,0.70634920634920628,subject8,300,9
"('base', 'eye')",1.0,2,0.72448979591836737,subject9,300,9
"('base', 'pass')",0.83333333333333337,2,0.59977324263038545,subject10,300,9
"('color', 'song')",1.0,2,0.70068027210884354,subject11,300,9
"('base', 'song')",0.95238095238095233,2,0.7369614512471655,subject12,300,9
"('eye', 'song')",1.0,2,0.84126984126984128,subject13,300,9
"('color', 'pass')",1.0,2,0.69501133786848068,subject14,300,9
"('color', 'pass')",1.0,2,0.68594104308390025,subject0,300,8
"('base', 'color')",1.0,2,0.8378684807256237,subject1,300,8
"('color', 'pass')",1.0,2,0.78004535147392295,subject2,300,8
"('color', 'pass')",1.0,2,0.84013605442176864,subject3,300,8
"('color', 'sport')",1.0,2,0.75396825396825395,subject4,300,8
"('base', 'color')",1.0,2,0.66893424036281168,subject5,300,8
"('base', 'color')",1.0,2,0.7664399092970523,subject6,300,8
"('base', 'pass')",0.9285714285714286,2,0.6961451247165531,subject7,300,8
"('color', 'eye')",0.95238095238095233,2,0.68253968253968245,subject8,300,8
"('base', 'color')",0.95238095238095233,2,0.68140589569161003,subject9,300,8
"('base', 'eye')",0.80952380952380942,2,0.61337868480725621,subject10,300,8
"('color', 'song')",1.0,2,0.65079365079365081,subject11,300,8
"('base', 'song')",0.95238095238095233,2,0.74036281179138308,subject12,300,8
"('base', 'song')",1.0,2,0.8083900226757369,subject13,300,8
"('color', 'pass')",1.0,2,0.66666666666666663,subject14,300,8
"('color', 'pass')",1.0,2,0.66666666666666674,subject0,300,7
"('base', 'color')",1.0,2,0.82539682539682535,subject1,300,7
"('color', 'pass')",1.0,2,0.77210884353741505,subject2,300,7
"('color', 'pass')",1.0,2,0.80272108843537415,subject3,300,7
"('color', 'song')",0.95238095238095233,2,0.7222222222222221,subject4,300,7
"('base', 'color')",1.0,2,0.68820861678004541,subject5,300,7
"('base', 'color')",1.0,2,0.74489795918367341,subject6,300,7
"('color', 'pass')",0.95238095238095233,2,0.69614512471655332,subject7,300,7
"('base', 'eye')",1.0,2,0.66780045351473927,subject8,300,7
"('color', 'eye')",1.0,2,0.71541950113378683,subject9,300,7
"('base', 'eye')",0.88095238095238082,2,0.65532879818594092,subject10,300,7
"('color', 'song')",1.0,2,0.66439909297052147,subject11,300,7
"('base', 'song')",0.95238095238095233,2,0.69047619047619047,subject12,300,7
"('base', 'song')",1.0,2,0.82879818594104293,subject13,300,7
"('color', 'pass')",0.95238095238095233,2,0.68253968253968245,subject14,300,7
"('color', 'pass')",0.95238095238095233,2,0.71201814058956914,subject0,300,6.0
"('base', 'color')",1.0,2,0.83446712018140601,subject1,300,6.0
"('color', 'pass')",1.0,2,0.76870748299319747,subject2,300,6.0
"('base', 'song')",1.0,2,0.83673469387755128,subject3,300,6.0
"('base', 'color')",0.9285714285714286,2,0.74263038548752824,subject4,300,6.0
"('base', 'color')",0.95238095238095233,2,0.63718820861678005,subject5,300,6.0
"('base', 'color')",0.90476190476190477,2,0.71541950113378672,subject6,300,6.0
"('color', 'pass')",1.0,2,0.65419501133786839,subject7,300,6.0
"('base', 'eye')",1.0,2,0.68707482993197289,subject8,300,6.0
"('color', 'eye')",0.95238095238095233,2,0.68367346938775508,subject9,300,6.0
"('eye', 'finger')",0.8571428571428571,2,0.61904761904761907,subject10,300,6.0
"('color', 'song')",0.95238095238095233,2,0.65306122448979576,subject11,300,6.0
"('color', 'song')",0.88095238095238082,2,0.66780045351473916,subject12,300,6.0
"('color', 'song')",1.0,2,0.81746031746031755,subject13,300,6.0
"('color', 'pass')",1.0,2,0.6655328798185941,subject14,300,6.0
"('color', 'pass')",0.95238095238095233,2,0.72335600907029474,subject0,300,5.0
"('base', 'color')",1.0,2,0.84126984126984128,subject1,300,5.0
"('color', 'pass')",1.0,2,0.77437641723356032,subject2,300,5.0
"('pass', 'song')",1.0,2,0.77664399092970526,subject3,300,5.0
"('color', 'song')",1.0,2,0.71315192743764166,subject4,300,5.0
"('base', 'color')",1.0,2,0.66666666666666674,subject5,300,5.0
"('color', 'song')",1.0,2,0.71541950113378683,subject6,300,5.0
"('eye', 'pass')",0.90476190476190488,2,0.66666666666666663,subject7,300,5.0
"('base', 'eye')",1.0,2,0.67913832199546487,subject8,300,5.0
"('color', 'eye')",0.95238095238095233,2,0.71088435374149661,subject9,300,5.0
"('base', 'pass')",0.83333333333333337,2,0.65646258503401356,subject10,300,5.0
"('color', 'song')",0.95238095238095233,2,0.63832199546485258,subject11,300,5.0
"('base', 'song')",0.88095238095238082,2,0.66439909297052147,subject12,300,5.0
"('color', 'song')",1.0,2,0.80952380952380953,subject13,300,5.0
"('color', 'pass')",1.0,2,0.71655328798185935,subject14,300,5.0
"('color', 'song')",0.95238095238095233,2,0.72448979591836737,subject0,300,4.0
"('color', 'pass')",1.0,2,0.83106575963718821,subject1,300,4.0
"('color', 'pass')",1.0,2,0.76643990929705219,subject2,300,4.0
"('pass', 'song')",1.0,2,0.75056689342403637,subject3,300,4.0
"('color', 'sport')",1.0,2,0.71088435374149661,subject4,300,4.0
"('eye', 'finger')",0.90476190476190477,2,0.65306122448979598,subject5,300,4.0
"('base', 'color')",1.0,2,0.69727891156462596,subject6,300,4.0
"('color', 'pass')",0.90476190476190477,2,0.62925170068027214,subject7,300,4.0
"('base', 'eye')",1.0,2,0.65192743764172345,subject8,300,4.0
"('color', 'eye')",0.95238095238095233,2,0.67913832199546476,subject9,300,4.0
"('eye', 'sport')",0.88095238095238082,2,0.62358276643990918,subject10,300,4.0
"('color', 'pass')",0.95238095238095233,2,0.64399092970521543,subject11,300,4.0
"('finger', 'sport')",0.83333333333333326,2,0.64512471655328785,subject12,300,4.0
"('base', 'song')",0.95238095238095233,2,0.80158730158730174,subject13,300,4.0
"('color', 'pass')",1.0,2,0.7142857142857143,subject14,300,4.0
"('color', 'eye')",0.95238095238095233,2,0.70408163265306134,subject0,300,3.0
"('color', 'pass')",1.0,2,0.82879818594104293,subject1,300,3.0
"('color', 'pass')",1.0,2,0.73922902494331066,subject2,300,3.0
"('pass', 'song')",1.0,2,0.76870748299319747,subject3,300,3.0
"('base', 'color')",0.95238095238095233,2,0.70181405895691606,subject4,300,3.0
"('color', 'eye')",0.90476190476190477,2,0.62925170068027203,subject5,300,3.0
"('base', 'color')",0.95238095238095233,2,0.71315192743764166,subject6,300,3.0
"('color', 'pass')",0.90476190476190477,2,0.59297052154194996,subject7,300,3.0
"('base', 'eye')",1.0,2,0.62131519274376412,subject8,300,3.0
"('color', 'eye')",0.95238095238095233,2,0.64739229024943301,subject9,300,3.0
"('base', 'eye')",0.83333333333333337,2,0.58049886621315194,subject10,300,3.0
"('color', 'song')",1.0,2,0.60430839002267578,subject11,300,3.0
"('color', 'pass')",0.88095238095238082,2,0.6587301587301585,subject12,300,3.0
"('base', 'song')",0.95238095238095233,2,0.80498866213151943,subject13,300,3.0
"('color', 'pass')",0.95238095238095233,2,0.71995464852607705,subject14,300,3.0
"('color', 'sport')",0.9285714285714286,2,0.69047619047619047,subject0,300,2.0
"('color', 'pass')",1.0,2,0.79705215419501152,subject1,300,2.0
"('color', 'song')",1.0,2,0.7108843537414965,subject2,300,2.0
"('finger', 'pass')",0.95238095238095233,2,0.70748299319727903,subject3,300,2.0
"('color', 'song')",0.90476190476190477,2,0.68594104308390014,subject4,300,2.0
"('base', 'color')",0.80952380952380953,2,0.60430839002267567,subject5,300,2.0
"('base', 'color')",1.0,2,0.71201814058956914,subject6,300,2.0
"('base', 'pass')",0.83333333333333326,2,0.6133786848072561,subject7,300,2.0
"('base', 'eye')",1.0,2,0.6383219954648528,subject8,300,2.0
"('color', 'eye')",1.0,2,0.60430839002267567,subject9,300,2.0
"('base', 'eye')",0.7857142857142857,2,0.5487528344671202,subject10,300,2.0
"('color', 'song')",0.95238095238095233,2,0.61451247165532885,subject11,300,2.0
"('color', 'pass')",0.88095238095238082,2,0.6473922902494329,subject12,300,2.0
"('finger', 'song')",0.95238095238095233,2,0.76530612244897989,subject13,300,2.0
"('eye', 'pass')",0.90476190476190488,2,0.70521541950113387,subject14,300,2.0
"('color', 'pass')",0.90476190476190477,2,0.63718820861677994,subject0,300,1.0
"('color', 'pass')",1.0,2,0.76190476190476186,subject1,300,1.0
"('color', 'song')",1.0,2,0.68367346938775519,subject2,300,1.0
"('finger', 'pass')",1.0,2,0.73582766439909297,subject3,300,1.0
"('color', 'pass')",0.9285714285714286,2,0.66439909297052169,subject4,300,1.0
"('color', 'eye')",0.90476190476190477,2,0.63605442176870752,subject5,300,1.0
"('color', 'pass')",0.90476190476190488,2,0.65646258503401356,subject6,300,1.0
"('color', 'song')",0.90476190476190477,2,0.67687074829931981,subject7,300,1.0
"('base', 'eye')",0.95238095238095233,2,0.60317460317460325,subject8,300,1.0
"('eye', 'song')",0.90476190476190477,2,0.62585034013605434,subject9,300,1.0
"('base', 'pass')",0.76190476190476197,2,0.54988662131519273,subject10,300,1.0
"('color', 'song')",0.95238095238095233,2,0.63038548752834456,subject11,300,1.0
"('color', 'pass')",0.88095238095238082,2,0.67120181405895685,subject12,300,1.0
"('base', 'song')",0.95238095238095233,2,0.75850340136054428,subject13,300,1.0
"('base', 'pass')",0.90476190476190477,2,0.6360544217687073,subject14,300,1.0
"('color', 'song')",0.88095238095238082,2,0.55782312925170052,subject0,300,0.5
"('base', 'color')",1.0,2,0.71655328798185935,subject1,300,0.5
"('color', 'pass')",0.9285714285714286,2,0.59863945578231303,subject2,300,0.5
"('pass', 'song')",1.0,2,0.7256235827664399,subject3,300,0.5
"('color', 'song')",0.90476190476190477,2,0.62131519274376423,subject4,300,0.5
"('base', 'color')",0.7857142857142857,2,0.54421768707482987,subject5,300,0.5
"('color', 'sport')",1.0,2,0.67120181405895685,subject6,300,0.5
"('color', 'pass')",0.8571428571428571,2,0.60997732426303863,subject7,300,0.5
"('color', 'eye')",1.0,2,0.62585034013605445,subject8,300,0.5
"('base', 'color')",0.95238095238095233,2,0.64399092970521543,subject9,300,0.5
"('eye', 'pass')",0.88095238095238082,2,0.61111111111111105,subject10,300,0.5
"('color', 'song')",0.95238095238095233,2,0.59410430839002271,subject11,300,0.5
"('color', 'song')",0.90476190476190477,2,0.68934240362811805,subject12,300,0.5
"('color', 'sport')",0.95238095238095233,2,0.70181405895691618,subject13,300,0.5
"('color', 'pass')",0.95238095238095233,2,0.48412698412698402,subject14,300,0.5
"('color', 'pass')",1.0,2,0.70521541950113364,subject0,200,9
"('base', 'color')",1.0,2,0.84467120181405908,subject1,200,9
"('color', 'pass')",1.0,2,0.78798185941043086,subject2,200,9
"('color', 'pass')",1.0,2,0.83673469387755106,subject3,200,9
"('color', 'sport')",1.0,2,0.74036281179138319,subject4,200,9
"('base', 'color')",1.0,2,0.70068027210884354,subject5,200,9
"('base', 'color')",0.95238095238095233,2,0.75056689342403626,subject6,200,9
"('color', 'pass')",0.95238095238095233,2,0.70634920634920617,subject7,200,9
"('base', 'eye')",0.95238095238095233,2,0.69501133786848079,subject8,200,9
"('color', 'finger')",1.0,2,0.70748299319727892,subject9,200,9
"('base', 'pass')",0.88095238095238082,2,0.634920634920635,subject10,200,9
"('color', 'song')",1.0,2,0.69954648526077101,subject11,200,9
"('base', 'song')",0.90476190476190477,2,0.72675736961451265,subject12,200,9
"('base', 'song')",0.95238095238095233,2,0.79024943310657614,subject13,200,9
"('color', 'pass')",1.0,2,0.64739229024943312,subject14,200,9
"('color', 'sport')",1.0,2,0.68934240362811783,subject0,200,8
"('base', 'color')",1.0,2,0.81746031746031755,subject1,200,8
"('color', 'pass')",1.0,2,0.77097505668934241,subject2,200,8
"('color', 'pass')",1.0,2,0.83786848072562359,subject3,200,8
"('color', 'pass')",0.95238095238095233,2,0.75056689342403637,subject4,200,8
"('base', 'color')",1.0,2,0.6802721088435375,subject5,200,8
"('base', 'color')",1.0,2,0.77891156462585021,subject6,200,8
"('color', 'pass')",0.95238095238095233,2,0.68140589569160992,subject7,200,8
"('color', 'eye')",1.0,2,0.70634920634920628,subject8,200,8
"('color', 'finger')",0.95238095238095233,2,0.67913832199546487,subject9,200,8
"('eye', 'finger')",0.8571428571428571,2,0.64512471655328785,subject10,200,8
"('color', 'song')",1.0,2,0.67687074829931959,subject11,200,8
"('base', 'song')",0.95238095238095233,2,0.7188208616780043,subject12,200,8
"('base', 'song')",1.0,2,0.81859410430838997,subject13,200,8
"('color', 'pass')",1.0,2,0.69501133786848046,subject14,200,8
"('color', 'pass')",1.0,2,0.6916099773242631,subject0,200,7
"('base', 'color')",1.0,2,0.80725623582766459,subject1,200,7
"('color', 'pass')",1.0,2,0.75736961451247165,subject2,200,7
"('color', 'pass')",1.0,2,0.80612244897959195,subject3,200,7
"('color', 'sport')",1.0,2,0.7108843537414965,subject4,200,7
"('base', 'color')",0.90476190476190477,2,0.68253968253968256,subject5,200,7
"('base', 'color')",1.0,2,0.77891156462585032,subject6,200,7
"('base', 'pass')",0.9285714285714286,2,0.69614512471655332,subject7,200,7
"('base', 'eye')",1.0,2,0.65419501133786839,subject8,200,7
"('color', 'eye')",1.0,2,0.70861678004535145,subject9,200,7
"('base', 'eye')",0.7857142857142857,2,0.62471655328798192,subject10,200,7
"('color', 'finger')",1.0,2,0.67573696145124718,subject11,200,7
"('color', 'song')",0.88095238095238082,2,0.70181405895691595,subject12,200,7
"('base', 'song')",1.0,2,0.81746031746031755,subject13,200,7
"('color', 'pass')",0.95238095238095233,2,0.6360544217687073,subject14,200,7
"('color', 'pass')",1.0,2,0.73015873015873012,subject0,200,6.0
"('base', 'color')",1.0,2,0.80952380952380953,subject1,200,6.0
"('color', 'pass')",1.0,2,0.7777777777777779,subject2,200,6.0
"('color', 'pass')",1.0,2,0.82766439909297063,subject3,200,6.0
"('color', 'sport')",1.0,2,0.74829931972789099,subject4,200,6.0
"('color', 'song')",0.95238095238095233,2,0.66213151927437652,subject5,200,6.0
"('base', 'color')",0.95238095238095233,2,0.71882086167800441,subject6,200,6.0
"('base', 'pass')",1.0,2,0.6734693877551019,subject7,200,6.0
"('base', 'eye')",1.0,2,0.64739229024943312,subject8,200,6.0
"('color', 'eye')",0.95238095238095233,2,0.68480725623582772,subject9,200,6.0
"('eye', 'finger')",0.90476190476190477,2,0.64625850340136048,subject10,200,6.0
"('color', 'finger')",1.0,2,0.65759637188208608,subject11,200,6.0
"('base', 'song')",0.95238095238095233,2,0.66893424036281157,subject12,200,6.0
"('eye', 'finger')",1.0,2,0.81179138321995459,subject13,200,6.0
"('color', 'pass')",1.0,2,0.70068027210884343,subject14,200,6.0
"('color', 'pass')",0.95238095238095233,2,0.71541950113378672,subject0,200,5.0
"('base', 'color')",1.0,2,0.81179138321995481,subject1,200,5.0
"('color', 'pass')",1.0,2,0.76417233560090714,subject2,200,5.0
"('pass', 'song')",1.0,2,0.79478458049886636,subject3,200,5.0
"('base', 'color')",1.0,2,0.69047619047619047,subject4,200,5.0
"('base', 'color')",0.95238095238095233,2,0.66213151927437641,subject5,200,5.0
"('base', 'color')",0.95238095238095233,2,0.71995464852607693,subject6,200,5.0
"('color', 'pass')",1.0,2,0.67120181405895685,subject7,200,5.0
"('base', 'eye')",1.0,2,0.66213151927437641,subject8,200,5.0
"('color', 'eye')",0.95238095238095233,2,0.70294784580498859,subject9,200,5.0
"('base', 'pass')",0.90476190476190477,2,0.62358276643990929,subject10,200,5.0
"('color', 'song')",1.0,2,0.62358276643990929,subject11,200,5.0
"('color', 'finger')",0.83333333333333337,2,0.64965986394557818,subject12,200,5.0
"('color', 'song')",1.0,2,0.82993197278911557,subject13,200,5.0
"('color', 'pass')",1.0,2,0.71768707482993177,subject14,200,5.0
"('color', 'sport')",0.95238095238095233,2,0.7256235827664399,subject0,200,4.0
"('base', 'color')",1.0,2,0.83560090702947842,subject1,200,4.0
"('color', 'pass')",1.0,2,0.72902494331065759,subject2,200,4.0
"('pass', 'song')",1.0,2,0.76077097505668945,subject3,200,4.0
"('base', 'color')",1.0,2,0.68707482993197289,subject4,200,4.0
"('color', 'song')",0.9285714285714286,2,0.68594104308390025,subject5,200,4.0
"('base', 'color')",0.95238095238095233,2,0.67800453514739223,subject6,200,4.0
"('color', 'pass')",0.8571428571428571,2,0.60997732426303863,subject7,200,4.0
"('base', 'eye')",1.0,2,0.59523809523809534,subject8,200,4.0
"('color', 'eye')",0.90476190476190477,2,0.66439909297052147,subject9,200,4.0
"('eye', 'finger')",0.83333333333333326,2,0.63151927437641731,subject10,200,4.0
"('color', 'pass')",0.95238095238095233,2,0.60544217687074831,subject11,200,4.0
"('color', 'finger')",0.88095238095238082,2,0.63038548752834467,subject12,200,4.0
"('color', 'song')",0.95238095238095233,2,0.80158730158730152,subject13,200,4.0
"('color', 'pass')",1.0,2,0.71882086167800452,subject14,200,4.0
"('color', 'eye')",0.95238095238095233,2,0.69047619047619047,subject0,200,3.0
"('base', 'color')",1.0,2,0.82426303854875271,subject1,200,3.0
"('color', 'pass')",1.0,2,0.71201814058956925,subject2,200,3.0
"('pass', 'song')",1.0,2,0.76190476190476208,subject3,200,3.0
"('color', 'eye')",1.0,2,0.71315192743764177,subject4,200,3.0
"('base', 'color')",0.90476190476190477,2,0.63492063492063511,subject5,200,3.0
"('color', 'pass')",1.0,2,0.68367346938775508,subject6,200,3.0
"('color', 'pass')",0.8571428571428571,2,0.60090702947845798,subject7,200,3.0
"('base', 'eye')",1.0,2,0.60317460317460325,subject8,200,3.0
"('finger', 'song')",0.90476190476190477,2,0.66780045351473916,subject9,200,3.0
"('base', 'eye')",0.83333333333333337,2,0.59637188208616776,subject10,200,3.0
"('color', 'song')",0.95238095238095233,2,0.6167800453514739,subject11,200,3.0
"('color', 'pass')",0.88095238095238082,2,0.66553287981859399,subject12,200,3.0
"('color', 'song')",0.95238095238095233,2,0.79024943310657592,subject13,200,3.0
"('color', 'sport')",0.90476190476190477,2,0.72448979591836726,subject14,200,3.0
"('color', 'eye')",0.90476190476190477,2,0.68480725623582772,subject0,200,2.0
"('color', 'pass')",1.0,2,0.79818594104308382,subject1,200,2.0
"('color', 'song')",1.0,2,0.68480725623582772,subject2,200,2.0
"('finger', 'pass')",0.95238095238095233,2,0.71995464852607716,subject3,200,2.0
"('color', 'song')",0.90476190476190477,2,0.66893424036281179,subject4,200,2.0
"('color', 'eye')",0.90476190476190477,2,0.62131519274376423,subject5,200,2.0
"('base', 'color')",0.95238095238095233,2,0.67006802721088432,subject6,200,2.0
"('color', 'pass')",0.80952380952380942,2,0.60657596371882061,subject7,200,2.0
"('base', 'eye')",1.0,2,0.61111111111111127,subject8,200,2.0
"('base', 'eye')",0.83333333333333326,2,0.57482993197278898,subject9,200,2.0
"('base', 'eye')",0.8571428571428571,2,0.56462585034013613,subject10,200,2.0
"('color', 'song')",0.95238095238095233,2,0.62471655328798203,subject11,200,2.0
"('color', 'pass')",0.88095238095238082,2,0.65079365079365059,subject12,200,2.0
"('finger', 'song')",0.95238095238095233,2,0.77891156462585032,subject13,200,2.0
"('base', 'pass')",0.88095238095238082,2,0.67233560090702937,subject14,200,2.0
"('color', 'pass')",0.8571428571428571,2,0.62925170068027203,subject0,200,1.0
"('color', 'pass')",1.0,2,0.75736961451247176,subject1,200,1.0
"('color', 'song')",1.0,2,0.68480725623582772,subject2,200,1.0
"('eye', 'pass')",1.0,2,0.71541950113378694,subject3,200,1.0
"('color', 'song')",0.90476190476190477,2,0.64285714285714279,subject4,200,1.0
"('color', 'eye')",0.90476190476190477,2,0.65759637188208619,subject5,200,1.0
"('color', 'sport')",0.95238095238095233,2,0.6281179138321995,subject6,200,1.0
"('pass', 'sport')",0.95238095238095233,2,0.65646258503401356,subject7,200,1.0
"('base', 'eye')",0.9285714285714286,2,0.57936507936507931,subject8,200,1.0
"('eye', 'song')",0.90476190476190477,2,0.59750566893424029,subject9,200,1.0
"('base', 'pass')",0.7857142857142857,2,0.56349206349206349,subject10,200,1.0
"('color', 'song')",0.95238095238095233,2,0.59297052154195007,subject11,200,1.0
"('color', 'pass')",0.88095238095238082,2,0.64625850340136048,subject12,200,1.0
"('color', 'song')",1.0,2,0.75396825396825395,subject13,200,1.0
"('base', 'pass')",0.95238095238095233,2,0.60317460317460303,subject14,200,1.0
"('color', 'song')",0.9285714285714286,2,0.58956916099773227,subject0,200,0.5
"('color', 'pass')",1.0,2,0.69160997732426299,subject1,200,0.5
"('color', 'song')",0.88095238095238082,2,0.58276643990929711,subject2,200,0.5
"('base', 'song')",1.0,2,0.66099773242630366,subject3,200,0.5
"('color', 'song')",0.90476190476190477,2,0.62244897959183665,subject4,200,0.5
"('finger', 'song')",0.80952380952380942,2,0.5646258503401359,subject5,200,0.5
"('color', 'sport')",0.9285714285714286,2,0.66893424036281168,subject6,200,0.5
"('color', 'pass')",0.8571428571428571,2,0.59183673469387754,subject7,200,0.5
"('color', 'eye')",0.9285714285714286,2,0.62811791383219961,subject8,200,0.5
"('color', 'sport')",0.90476190476190477,2,0.61337868480725621,subject9,200,0.5
"('color', 'eye')",0.8571428571428571,2,0.64285714285714279,subject10,200,0.5
"('color', 'song')",0.95238095238095233,2,0.6201814058956916,subject11,200,0.5
"('finger', 'sport')",0.88095238095238082,2,0.70181405895691606,subject12,200,0.5
"('color', 'sport')",1.0,2,0.68027210884353739,subject13,200,0.5
"('color', 'pass')",0.90476190476190477,2,0.48299319727891155,subject14,200,0.5
"('color', 'pass')",1.0,2,0.72448979591836726,subject0,100,9
"('base', 'color')",1.0,2,0.81632653061224503,subject1,100,9
"('color', 'pass')",1.0,2,0.79818594104308382,subject2,100,9
"('color', 'pass')",1.0,2,0.82879818594104326,subject3,100,9
"('color', 'sport')",0.95238095238095233,2,0.71768707482993188,subject4,100,9
"('base', 'color')",1.0,2,0.6882086167800453,subject5,100,9
"('base', 'color')",0.95238095238095233,2,0.74943310657596385,subject6,100,9
"('color', 'pass')",0.95238095238095233,2,0.70634920634920617,subject7,100,9
"('color', 'eye')",1.0,2,0.72108843537414946,subject8,100,9
"('color', 'finger')",1.0,2,0.71655328798185935,subject9,100,9
"('eye', 'finger')",0.83333333333333326,2,0.63492063492063489,subject10,100,9
"('color', 'song')",1.0,2,0.70861678004535145,subject11,100,9
"('finger', 'song')",0.90476190476190477,2,0.71882086167800441,subject12,100,9
"('base', 'song')",1.0,2,0.83786848072562359,subject13,100,9
"('color', 'pass')",0.95238095238095233,2,0.65306122448979587,subject14,100,9
"('color', 'sport')",1.0,2,0.73015873015873012,subject0,100,8
"('base', 'color')",1.0,2,0.82653061224489799,subject1,100,8
"('color', 'pass')",1.0,2,0.77551020408163263,subject2,100,8
"('color', 'pass')",1.0,2,0.79478458049886636,subject3,100,8
"('color', 'sport')",0.95238095238095233,2,0.7142857142857143,subject4,100,8
"('base', 'color')",0.95238095238095233,2,0.660997732426304,subject5,100,8
"('base', 'color')",1.0,2,0.78684807256235834,subject6,100,8
"('color', 'pass')",0.95238095238095233,2,0.70181405895691618,subject7,100,8
"('base', 'eye')",0.95238095238095233,2,0.68140589569160992,subject8,100,8
"('color', 'finger')",1.0,2,0.66213151927437641,subject9,100,8
"('eye', 'finger')",0.7857142857142857,2,0.64965986394557818,subject10,100,8
"('color', 'song')",1.0,2,0.70521541950113376,subject11,100,8
"('finger', 'song')",0.90476190476190477,2,0.73469387755102034,subject12,100,8
"('base', 'song')",1.0,2,0.81972789115646261,subject13,100,8
"('color', 'pass')",0.95238095238095233,2,0.66553287981859388,subject14,100,8
"('color', 'pass')",1.0,2,0.70861678004535145,subject0,100,7
"('base', 'color')",1.0,2,0.78684807256235823,subject1,100,7
"('color', 'pass')",1.0,2,0.75850340136054428,subject2,100,7
"('color', 'pass')",1.0,2,0.7970521541950113,subject3,100,7
"('color', 'song')",0.90476190476190477,2,0.68140589569161014,subject4,100,7
"('base', 'color')",0.95238095238095233,2,0.64625850340136048,subject5,100,7
"('base', 'color')",1.0,2,0.74603174603174605,subject6,100,7
"('color', 'pass')",0.90476190476190477,2,0.68820861678004541,subject7,100,7
"('base', 'eye')",1.0,2,0.65306122448979587,subject8,100,7
"('color', 'eye')",0.95238095238095233,2,0.68707482993197255,subject9,100,7
"('eye', 'finger')",0.83333333333333326,2,0.6020408163265305,subject10,100,7
"('color', 'song')",1.0,2,0.65419501133786839,subject11,100,7
"('finger', 'song')",0.90476190476190477,2,0.70521541950113376,subject12,100,7
"('base', 'song')",1.0,2,0.82086167800453524,subject13,100,7
"('color', 'finger')",0.95238095238095233,2,0.68027210884353739,subject14,100,7
"('color', 'sport')",0.95238095238095233,2,0.73469387755102034,subject0,100,6.0
"('base', 'color')",1.0,2,0.79591836734693899,subject1,100,6.0
"('color', 'pass')",1.0,2,0.77891156462585032,subject2,100,6.0
"('color', 'pass')",1.0,2,0.80839002267573701,subject3,100,6.0
"('base', 'color')",1.0,2,0.73469387755102034,subject4,100,6.0
"('base', 'color')",1.0,2,0.6394557823129251,subject5,100,6.0
"('base', 'color')",0.95238095238095233,2,0.73242630385487517,subject6,100,6.0
"('color', 'pass')",1.0,2,0.67573696145124706,subject7,100,6.0
"('base', 'eye')",1.0,2,0.66439909297052147,subject8,100,6.0
"('color', 'eye')",0.90476190476190477,2,0.63945578231292521,subject9,100,6.0
"('eye', 'finger')",0.8571428571428571,2,0.63265306122448961,subject10,100,6.0
"('color', 'finger')",1.0,2,0.63718820861678005,subject11,100,6.0
"('base', 'song')",0.83333333333333326,2,0.66893424036281168,subject12,100,6.0
"('base', 'color')",1.0,2,0.81292517006802745,subject13,100,6.0
"('color', 'pass')",1.0,2,0.65306122448979587,subject14,100,6.0
"('color', 'song')",0.95238095238095233,2,0.68707482993197277,subject0,100,5.0
"('base', 'color')",1.0,2,0.82086167800453513,subject1,100,5.0
"('color', 'pass')",1.0,2,0.7891156462585035,subject2,100,5.0
"('finger', 'pass')",1.0,2,0.78571428571428592,subject3,100,5.0
"('base', 'color')",0.95238095238095233,2,0.69387755102040816,subject4,100,5.0
"('base', 'color')",0.95238095238095233,2,0.67120181405895685,subject5,100,5.0
"('color', 'song')",0.95238095238095233,2,0.71088435374149639,subject6,100,5.0
"('color', 'pass')",0.95238095238095233,2,0.64739229024943312,subject7,100,5.0
"('base', 'eye')",1.0,2,0.64058956916099796,subject8,100,5.0
"('color', 'eye')",0.95238095238095233,2,0.6734693877551019,subject9,100,5.0
"('eye', 'finger')",0.83333333333333326,2,0.63265306122448994,subject10,100,5.0
"('color', 'finger')",1.0,2,0.65646258503401367,subject11,100,5.0
"('color', 'song')",0.88095238095238082,2,0.65532879818594103,subject12,100,5.0
"('eye', 'song')",0.95238095238095233,2,0.81632653061224492,subject13,100,5.0
"('color', 'pass')",1.0,2,0.68707482993197266,subject14,100,5.0
"('color', 'sport')",0.95238095238095233,2,0.71541950113378672,subject0,100,4.0
"('base', 'color')",1.0,2,0.81859410430839019,subject1,100,4.0
"('color', 'pass')",1.0,2,0.73469387755102045,subject2,100,4.0
"('pass', 'song')",1.0,2,0.74036281179138341,subject3,100,4.0
"('base', 'color')",0.90476190476190477,2,0.71088435374149672,subject4,100,4.0
"('eye', 'finger')",1.0,2,0.63718820861678005,subject5,100,4.0
"('color', 'song')",0.95238095238095233,2,0.66213151927437641,subject6,100,4.0
"('color', 'pass')",0.8571428571428571,2,0.62925170068027203,subject7,100,4.0
"('base', 'eye')",1.0,2,0.60090702947845809,subject8,100,4.0
"('color', 'eye')",0.90476190476190477,2,0.68707482993197266,subject9,100,4.0
"('base', 'pass')",0.88095238095238082,2,0.60090702947845809,subject10,100,4.0
"('color', 'song')",1.0,2,0.64739229024943312,subject11,100,4.0
"('color', 'finger')",0.9285714285714286,2,0.65419501133786839,subject12,100,4.0
"('base', 'color')",0.95238095238095233,2,0.78231292517006812,subject13,100,4.0
"('color', 'pass')",1.0,2,0.69047619047619035,subject14,100,4.0
"('color', 'eye')",0.95238095238095233,2,0.70068027210884354,subject0,100,3.0
"('color', 'pass')",1.0,2,0.8004535147392291,subject1,100,3.0
"('color', 'pass')",1.0,2,0.67006802721088421,subject2,100,3.0
"('pass', 'song')",1.0,2,0.73356009070294792,subject3,100,3.0
"('base', 'color')",0.90476190476190477,2,0.67233560090702948,subject4,100,3.0
"('eye', 'finger')",0.95238095238095233,2,0.64285714285714279,subject5,100,3.0
"('base', 'color')",0.90476190476190477,2,0.65192743764172345,subject6,100,3.0
"('eye', 'pass')",0.90476190476190488,2,0.60997732426303852,subject7,100,3.0
"('base', 'eye')",1.0,2,0.60657596371882094,subject8,100,3.0
"('color', 'eye')",0.90476190476190477,2,0.61791383219954632,subject9,100,3.0
"('base', 'pass')",0.83333333333333337,2,0.56122448979591844,subject10,100,3.0
"('color', 'song')",0.95238095238095233,2,0.65306122448979587,subject11,100,3.0
"('color', 'finger')",0.9285714285714286,2,0.68934240362811783,subject12,100,3.0
"('base', 'song')",0.95238095238095233,2,0.77891156462585054,subject13,100,3.0
"('base', 'pass')",0.95238095238095233,2,0.68594104308390036,subject14,100,3.0
"('color', 'finger')",0.95238095238095233,2,0.66326530612244894,subject0,100,2.0
"('color', 'pass')",1.0,2,0.77324263038548746,subject1,100,2.0
"('color', 'sport')",1.0,2,0.63265306122448994,subject2,100,2.0
"('eye', 'pass')",0.95238095238095233,2,0.67120181405895696,subject3,100,2.0
"('color', 'eye')",0.90476190476190477,2,0.61111111111111094,subject4,100,2.0
"('finger', 'song')",0.88095238095238082,2,0.59637188208616776,subject5,100,2.0
"('color', 'pass')",1.0,2,0.63378684807256236,subject6,100,2.0
"('color', 'pass')",0.8571428571428571,2,0.63038548752834467,subject7,100,2.0
"('base', 'eye')",1.0,2,0.58503401360544216,subject8,100,2.0
"('eye', 'sport')",0.8571428571428571,2,0.58276643990929688,subject9,100,2.0
"('base', 'eye')",0.80952380952380942,2,0.55215419501133778,subject10,100,2.0
"('color', 'pass')",0.90476190476190477,2,0.6122448979591838,subject11,100,2.0
"('color', 'finger')",1.0,2,0.67460317460317432,subject12,100,2.0
"('base', 'song')",0.95238095238095233,2,0.75623582766439901,subject13,100,2.0
"('color', 'eye')",0.8571428571428571,2,0.64852607709750587,subject14,100,2.0
"('color', 'pass')",0.95238095238095233,2,0.65759637188208608,subject0,100,1.0
"('color', 'pass')",1.0,2,0.74263038548752847,subject1,100,1.0
"('color', 'song')",0.95238095238095233,2,0.61451247165532885,subject2,100,1.0
"('pass', 'song')",1.0,2,0.70748299319727881,subject3,100,1.0
"('color', 'song')",0.90476190476190477,2,0.63038548752834445,subject4,100,1.0
"('color', 'eye')",0.90476190476190477,2,0.61451247165532885,subject5,100,1.0
"('eye', 'sport')",0.90476190476190477,2,0.6621315192743763,subject6,100,1.0
"('color', 'pass')",0.90476190476190477,2,0.69614512471655332,subject7,100,1.0
"('base', 'eye')",1.0,2,0.58843537414965985,subject8,100,1.0
"('base', 'eye')",0.88095238095238082,2,0.56916099773242634,subject9,100,1.0
"('color', 'eye')",0.88095238095238082,2,0.5975056689342404,subject10,100,1.0
"('color', 'song')",0.90476190476190477,2,0.58843537414965985,subject11,100,1.0
"('color', 'pass')",0.88095238095238082,2,0.66213151927437619,subject12,100,1.0
"('color', 'song')",1.0,2,0.72448979591836726,subject13,100,1.0
"('color', 'pass')",0.90476190476190477,2,0.6247165532879817,subject14,100,1.0
"('color', 'song')",0.88095238095238082,2,0.55895691609977316,subject0,100,0.5
"('color', 'pass')",1.0,2,0.65646258503401356,subject1,100,0.5
"('color', 'song')",0.88095238095238082,2,0.63378684807256236,subject2,100,0.5
"('pass', 'song')",1.0,2,0.6723356009070296,subject3,100,0.5
"('color', 'sport')",0.88095238095238082,2,0.66893424036281179,subject4,100,0.5
"('color', 'finger')",0.7142857142857143,2,0.50226757369614505,subject5,100,0.5
"('color', 'sport')",0.95238095238095233,2,0.68253968253968256,subject6,100,0.5
"('color', 'pass')",0.8571428571428571,2,0.59523809523809512,subject7,100,0.5
"('color', 'eye')",1.0,2,0.58049886621315205,subject8,100,0.5
"('base', 'color')",1.0,2,0.64172335600907027,subject9,100,0.5
"('eye', 'pass')",0.95238095238095233,2,0.63038548752834467,subject10,100,0.5
"('color', 'song')",0.95238095238095233,2,0.60090702947845798,subject11,100,0.5
"('color', 'pass')",0.8571428571428571,2,0.66439909297052158,subject12,100,0.5
"('color', 'sport')",1.0,2,0.69047619047619035,subject13,100,0.5
"('color', 'pass')",0.90476190476190477,2,0.56235827664399085,subject14,100,0.5
"('color', 'pass')",1.0,2,0.7256235827664399,subject0,75,9
"('base', 'color')",1.0,2,0.85034013605442194,subject1,75,9
"('color', 'pass')",1.0,2,0.7698412698412701,subject2,75,9
"('color', 'pass')",1.0,2,0.82086167800453513,subject3,75,9
"('base', 'color')",0.9285714285714286,2,0.70408163265306123,subject4,75,9
"('base', 'color')",1.0,2,0.66099773242630366,subject5,75,9
"('base', 'color')",0.95238095238095233,2,0.72902494331065759,subject6,75,9
"('color', 'pass')",1.0,2,0.68480725623582772,subject7,75,9
"('color', 'eye')",1.0,2,0.6621315192743763,subject8,75,9
"('color', 'finger')",1.0,2,0.69387755102040816,subject9,75,9
"('eye', 'finger')",0.8571428571428571,2,0.64965986394557818,subject10,75,9
"('color', 'song')",1.0,2,0.72222222222222232,subject11,75,9
"('pass', 'song')",1.0,2,0.75736961451247176,subject12,75,9
"('base', 'song')",1.0,2,0.84240362811791381,subject13,75,9
"('color', 'pass')",0.95238095238095233,2,0.62925170068027203,subject14,75,9
"('finger', 'pass')",0.95238095238095233,2,0.71315192743764166,subject0,75,8
"('base', 'color')",1.0,2,0.83560090702947865,subject1,75,8
"('color', 'pass')",1.0,2,0.77324263038548768,subject2,75,8
"('color', 'pass')",1.0,2,0.78684807256235834,subject3,75,8
"('color', 'sport')",0.95238095238095233,2,0.72448979591836737,subject4,75,8
"('color', 'finger')",1.0,2,0.68707482993197266,subject5,75,8
"('base', 'color')",0.95238095238095233,2,0.73469387755102045,subject6,75,8
"('color', 'pass')",1.0,2,0.70408163265306123,subject7,75,8
"('base', 'eye')",0.95238095238095233,2,0.68367346938775508,subject8,75,8
"('color', 'finger')",1.0,2,0.69047619047619058,subject9,75,8
"('base', 'sport')",0.83333333333333326,2,0.63945578231292499,subject10,75,8
"('color', 'song')",1.0,2,0.68027210884353739,subject11,75,8
"('color', 'pass')",0.88095238095238082,2,0.72789115646258495,subject12,75,8
"('eye', 'song')",0.95238095238095233,2,0.82426303854875282,subject13,75,8
"('color', 'pass')",1.0,2,0.6655328798185941,subject14,75,8
"('color', 'pass')",1.0,2,0.71428571428571419,subject0,75,7
"('base', 'color')",1.0,2,0.80725623582766437,subject1,75,7
"('color', 'pass')",1.0,2,0.75283446712018154,subject2,75,7
"('color', 'pass')",1.0,2,0.78231292517006812,subject3,75,7
"('color', 'song')",0.90476190476190477,2,0.68707482993197277,subject4,75,7
"('base', 'color')",0.95238095238095233,2,0.65306122448979576,subject5,75,7
"('base', 'color')",1.0,2,0.73242630385487517,subject6,75,7
"('base', 'pass')",0.9285714285714286,2,0.72902494331065759,subject7,75,7
"('color', 'eye')",1.0,2,0.65192743764172345,subject8,75,7
"('color', 'eye')",0.95238095238095233,2,0.72222222222222232,subject9,75,7
"('eye', 'finger')",0.83333333333333326,2,0.58956916099773238,subject10,75,7
"('color', 'song')",1.0,2,0.67346938775510212,subject11,75,7
"('color', 'song')",0.88095238095238082,2,0.71882086167800441,subject12,75,7
"('base', 'song')",1.0,2,0.81859410430839019,subject13,75,7
"('color', 'pass')",0.90476190476190477,2,0.64852607709750576,subject14,75,7
"('color', 'sport')",0.9285714285714286,2,0.72335600907029474,subject0,75,6.0
"('base', 'color')",1.0,2,0.8197278911564625,subject1,75,6.0
"('color', 'pass')",1.0,2,0.76190476190476208,subject2,75,6.0
"('color', 'pass')",1.0,2,0.80272108843537415,subject3,75,6.0
"('color', 'song')",0.95238095238095233,2,0.72675736961451254,subject4,75,6.0
"('base', 'color')",0.95238095238095233,2,0.64625850340136048,subject5,75,6.0
"('color', 'sport')",0.95238095238095233,2,0.71541950113378683,subject6,75,6.0
"('color', 'pass')",0.95238095238095233,2,0.64399092970521543,subject7,75,6.0
"('base', 'eye')",1.0,2,0.65646258503401367,subject8,75,6.0
"('base', 'sport')",0.90476190476190477,2,0.65646258503401345,subject9,75,6.0
"('eye', 'finger')",0.90476190476190477,2,0.61111111111111105,subject10,75,6.0
"('color', 'finger')",1.0,2,0.60317460317460314,subject11,75,6.0
"('pass', 'song')",0.88095238095238082,2,0.68140589569160981,subject12,75,6.0
"('base', 'color')",0.95238095238095233,2,0.82426303854875271,subject13,75,6.0
"('color', 'pass')",1.0,2,0.65306122448979587,subject14,75,6.0
"('color', 'song')",0.95238095238095233,2,0.72222222222222221,subject0,75,5.0
"('base', 'color')",1.0,2,0.81632653061224503,subject1,75,5.0
"('color', 'pass')",1.0,2,0.7369614512471655,subject2,75,5.0
"('pass', 'song')",1.0,2,0.76757369614512483,subject3,75,5.0
"('color', 'pass')",0.95238095238095233,2,0.68820861678004541,subject4,75,5.0
"('base', 'color')",0.95238095238095233,2,0.67800453514739223,subject5,75,5.0
"('color', 'song')",0.95238095238095233,2,0.71088435374149639,subject6,75,5.0
"('eye', 'pass')",0.95238095238095233,2,0.67346938775510201,subject7,75,5.0
"('base', 'eye')",1.0,2,0.63945578231292521,subject8,75,5.0
"('color', 'eye')",0.95238095238095233,2,0.67006802721088421,subject9,75,5.0
"('color', 'finger')",0.80952380952380942,2,0.62585034013605445,subject10,75,5.0
"('color', 'finger')",1.0,2,0.64058956916099774,subject11,75,5.0
"('pass', 'song')",0.80952380952380942,2,0.65873015873015861,subject12,75,5.0
"('base', 'song')",1.0,2,0.83106575963718821,subject13,75,5.0
"('color', 'pass')",1.0,2,0.65192743764172312,subject14,75,5.0
"('color', 'sport')",0.95238095238095233,2,0.73015873015873023,subject0,75,4.0
"('base', 'color')",1.0,2,0.80952380952380953,subject1,75,4.0
"('color', 'pass')",1.0,2,0.72108843537414968,subject2,75,4.0
"('pass', 'song')",1.0,2,0.74943310657596363,subject3,75,4.0
"('base', 'color')",0.95238095238095233,2,0.70068027210884354,subject4,75,4.0
"('base', 'color')",0.90476190476190477,2,0.64852607709750576,subject5,75,4.0
"('color', 'pass')",1.0,2,0.69387755102040816,subject6,75,4.0
"('eye', 'pass')",0.90476190476190488,2,0.62018140589569171,subject7,75,4.0
"('base', 'eye')",1.0,2,0.55668934240362822,subject8,75,4.0
"('color', 'eye')",0.90476190476190477,2,0.67233560090702937,subject9,75,4.0
"('base', 'pass')",0.95238095238095233,2,0.64399092970521554,subject10,75,4.0
"('color', 'song')",1.0,2,0.62585034013605445,subject11,75,4.0
"('color', 'finger')",0.80952380952380942,2,0.66326530612244894,subject12,75,4.0
"('base', 'song')",1.0,2,0.80952380952380953,subject13,75,4.0
"('color', 'pass')",0.95238095238095233,2,0.65306122448979576,subject14,75,4.0
"('color', 'song')",0.90476190476190477,2,0.69501133786848068,subject0,75,3.0
"('color', 'pass')",1.0,2,0.77324263038548746,subject1,75,3.0
"('color', 'pass')",1.0,2,0.67233560090702948,subject2,75,3.0
"('finger', 'pass')",1.0,2,0.74943310657596374,subject3,75,3.0
"('color', 'pass')",0.95238095238095233,2,0.65986394557823136,subject4,75,3.0
"('color', 'eye')",0.8571428571428571,2,0.63038548752834467,subject5,75,3.0
"('base', 'color')",0.8571428571428571,2,0.65532879818594103,subject6,75,3.0
"('eye', 'pass')",0.90476190476190488,2,0.65306122448979576,subject7,75,3.0
"('base', 'eye')",1.0,2,0.60657596371882094,subject8,75,3.0
"('color', 'eye')",0.90476190476190477,2,0.63832199546485247,subject9,75,3.0
"('base', 'pass')",0.83333333333333337,2,0.60090702947845798,subject10,75,3.0
"('color', 'song')",0.95238095238095233,2,0.65759637188208619,subject11,75,3.0
"('color', 'pass')",0.9285714285714286,2,0.66780045351473916,subject12,75,3.0
"('color', 'song')",0.95238095238095233,2,0.77664399092970526,subject13,75,3.0
"('color', 'sport')",0.8571428571428571,2,0.63378684807256236,subject14,75,3.0
"('color', 'finger')",0.90476190476190477,2,0.65873015873015872,subject0,75,2.0
"('color', 'pass')",1.0,2,0.76190476190476175,subject1,75,2.0
"('color', 'sport')",1.0,2,0.61678004535147402,subject2,75,2.0
"('pass', 'song')",0.9285714285714286,2,0.69387755102040816,subject3,75,2.0
"('color', 'song')",0.83333333333333326,2,0.60544217687074831,subject4,75,2.0
"('base', 'pass')",0.90476190476190477,2,0.6281179138321995,subject5,75,2.0
"('base', 'sport')",0.95238095238095233,2,0.6507936507936507,subject6,75,2.0
"('color', 'pass')",0.8571428571428571,2,0.6360544217687073,subject7,75,2.0
"('base', 'eye')",1.0,2,0.59070294784580513,subject8,75,2.0
"('base', 'eye')",0.83333333333333326,2,0.59070294784580479,subject9,75,2.0
"('finger', 'pass')",0.73809523809523803,2,0.54195011337868482,subject10,75,2.0
"('color', 'song')",0.95238095238095233,2,0.63605442176870752,subject11,75,2.0
"('color', 'finger')",0.95238095238095233,2,0.65759637188208608,subject12,75,2.0
"('color', 'eye')",0.95238095238095233,2,0.7630385487528345,subject13,75,2.0
"('color', 'finger')",0.88095238095238082,2,0.64625850340136048,subject14,75,2.0
"('color', 'pass')",0.95238095238095233,2,0.62244897959183676,subject0,75,1.0
"('color', 'pass')",1.0,2,0.75736961451247165,subject1,75,1.0
"('color', 'song')",0.95238095238095233,2,0.57709750566893425,subject2,75,1.0
"('pass', 'song')",1.0,2,0.71655328798185935,subject3,75,1.0
"('color', 'song')",0.90476190476190477,2,0.59410430839002248,subject4,75,1.0
"('base', 'color')",0.83333333333333326,2,0.62244897959183676,subject5,75,1.0
"('base', 'sport')",0.9285714285714286,2,0.65532879818594103,subject6,75,1.0
"('song', 'sport')",0.90476190476190477,2,0.72222222222222232,subject7,75,1.0
"('base', 'eye')",0.9285714285714286,2,0.60884353741496589,subject8,75,1.0
"('base', 'eye')",0.88095238095238082,2,0.58616780045351458,subject9,75,1.0
"('color', 'eye')",0.80952380952380942,2,0.6167800453514739,subject10,75,1.0
"('color', 'song')",0.90476190476190477,2,0.57142857142857151,subject11,75,1.0
"('color', 'pass')",0.95238095238095233,2,0.64172335600907016,subject12,75,1.0
"('color', 'song')",1.0,2,0.72675736961451243,subject13,75,1.0
"('color', 'pass')",0.8571428571428571,2,0.60090702947845798,subject14,75,1.0
"('color', 'song')",0.9285714285714286,2,0.57936507936507919,subject0,75,0.5
"('color', 'pass')",1.0,2,0.69160997732426299,subject1,75,0.5
"('color', 'song')",0.88095238095238082,2,0.62244897959183687,subject2,75,0.5
"('pass', 'song')",0.9285714285714286,2,0.60090702947845798,subject3,75,0.5
"('color', 'song')",0.90476190476190477,2,0.63945578231292521,subject4,75,0.5
"('base', 'color')",0.7857142857142857,2,0.5226757369614512,subject5,75,0.5
"('color', 'song')",0.83333333333333326,2,0.63151927437641731,subject6,75,0.5
"('color', 'pass')",0.8571428571428571,2,0.58730158730158721,subject7,75,0.5
"('color', 'eye')",1.0,2,0.60090702947845798,subject8,75,0.5
"('base', 'color')",1.0,2,0.64625850340136048,subject9,75,0.5
"('eye', 'pass')",0.95238095238095233,2,0.62925170068027203,subject10,75,0.5
"('color', 'song')",0.95238095238095233,2,0.60430839002267567,subject11,75,0.5
"('color', 'pass')",0.8571428571428571,2,0.69501133786848068,subject12,75,0.5
"('color', 'sport')",1.0,2,0.69160997732426299,subject13,75,0.5
"('color', 'pass')",0.90476190476190477,2,0.55215419501133789,subject14,75,0.5
"('color', 'pass')",0.9285714285714286,2,0.72222222222222221,subject0,50,9
"('base', 'color')",1.0,2,0.82993197278911579,subject1,50,9
"('color', 'pass')",1.0,2,0.80385487528344679,subject2,50,9
"('color', 'pass')",1.0,2,0.81405895691609975,subject3,50,9
"('color', 'sport')",1.0,2,0.72108843537414968,subject4,50,9
"('base', 'color')",1.0,2,0.66553287981859399,subject5,50,9
"('base', 'color')",1.0,2,0.7517006802721089,subject6,50,9
"('color', 'pass')",0.95238095238095233,2,0.67573696145124718,subject7,50,9
"('base', 'eye')",0.95238095238095233,2,0.70294784580498859,subject8,50,9
"('color', 'finger')",1.0,2,0.66666666666666663,subject9,50,9
"('eye', 'finger')",0.8571428571428571,2,0.63038548752834478,subject10,50,9
"('color', 'song')",1.0,2,0.6984126984126986,subject11,50,9
"('base', 'song')",0.90476190476190477,2,0.71088435374149661,subject12,50,9
"('base', 'song')",1.0,2,0.81859410430838997,subject13,50,9
"('color', 'song')",0.83333333333333326,2,0.59523809523809523,subject14,50,9
"('color', 'pass')",0.9285714285714286,2,0.69727891156462585,subject0,50,8
"('base', 'color')",1.0,2,0.80839002267573701,subject1,50,8
"('color', 'pass')",1.0,2,0.7777777777777779,subject2,50,8
"('color', 'pass')",1.0,2,0.78458049886621328,subject3,50,8
"('color', 'sport')",1.0,2,0.70748299319727881,subject4,50,8
"('base', 'color')",1.0,2,0.69501133786848068,subject5,50,8
"('base', 'color')",0.95238095238095233,2,0.73129251700680264,subject6,50,8
"('color', 'pass')",0.95238095238095233,2,0.68934240362811794,subject7,50,8
"('color', 'eye')",1.0,2,0.66780045351473927,subject8,50,8
"('color', 'finger')",1.0,2,0.67573696145124706,subject9,50,8
"('eye', 'finger')",0.83333333333333326,2,0.63378684807256236,subject10,50,8
"('color', 'song')",1.0,2,0.64399092970521554,subject11,50,8
"('base', 'song')",0.90476190476190477,2,0.72902494331065748,subject12,50,8
"('base', 'song')",1.0,2,0.80158730158730152,subject13,50,8
"('color', 'pass')",0.88095238095238082,2,0.61451247165532863,subject14,50,8
"('color', 'pass')",0.88095238095238082,2,0.68367346938775508,subject0,50,7
"('base', 'color')",1.0,2,0.81519274376417239,subject1,50,7
"('color', 'pass')",1.0,2,0.74829931972789121,subject2,50,7
"('color', 'pass')",1.0,2,0.75170068027210901,subject3,50,7
"('color', 'pass')",0.90476190476190477,2,0.70408163265306123,subject4,50,7
"('base', 'color')",0.95238095238095233,2,0.63832199546485258,subject5,50,7
"('base', 'color')",1.0,2,0.73809523809523803,subject6,50,7
"('color', 'pass')",0.95238095238095233,2,0.68253968253968245,subject7,50,7
"('color', 'eye')",1.0,2,0.68480725623582772,subject8,50,7
"('color', 'eye')",0.95238095238095233,2,0.66666666666666663,subject9,50,7
"('eye', 'finger')",0.80952380952380942,2,0.60884353741496589,subject10,50,7
"('color', 'song')",1.0,2,0.64172335600907027,subject11,50,7
"('base', 'song')",0.90476190476190477,2,0.69727891156462585,subject12,50,7
"('base', 'song')",1.0,2,0.81405895691609997,subject13,50,7
"('color', 'pass')",0.83333333333333326,2,0.65532879818594103,subject14,50,7
"('base', 'sport')",0.9285714285714286,2,0.73809523809523792,subject0,50,6.0
"('base', 'color')",1.0,2,0.81632653061224503,subject1,50,6.0
"('color', 'pass')",1.0,2,0.75623582766439912,subject2,50,6.0
"('finger', 'pass')",1.0,2,0.79024943310657592,subject3,50,6.0
"('base', 'color')",0.9285714285714286,2,0.73356009070294781,subject4,50,6.0
"('base', 'color')",0.95238095238095233,2,0.66439909297052158,subject5,50,6.0
"('base', 'sport')",0.95238095238095233,2,0.72108843537414946,subject6,50,6.0
"('color', 'pass')",0.95238095238095233,2,0.66326530612244894,subject7,50,6.0
"('base', 'eye')",1.0,2,0.67006802721088443,subject8,50,6.0
"('color', 'finger')",0.95238095238095233,2,0.65306122448979587,subject9,50,6.0
"('eye', 'finger')",0.83333333333333326,2,0.61111111111111105,subject10,50,6.0
"('color', 'song')",1.0,2,0.65986394557823136,subject11,50,6.0
"('base', 'song')",0.83333333333333326,2,0.65759637188208608,subject12,50,6.0
"('base', 'color')",1.0,2,0.83333333333333315,subject13,50,6.0
"('color', 'pass')",0.9285714285714286,2,0.65532879818594103,subject14,50,6.0
"('color', 'pass')",0.95238095238095233,2,0.76643990929705219,subject0,50,5.0
"('base', 'color')",1.0,2,0.82539682539682535,subject1,50,5.0
"('color', 'pass')",1.0,2,0.73469387755102045,subject2,50,5.0
"('finger', 'pass')",1.0,2,0.77097505668934241,subject3,50,5.0
"('color', 'song')",0.8571428571428571,2,0.67800453514739234,subject4,50,5.0
"('color', 'eye')",0.90476190476190477,2,0.65192743764172345,subject5,50,5.0
"('base', 'song')",0.95238095238095233,2,0.65759637188208608,subject6,50,5.0
"('color', 'pass')",0.95238095238095233,2,0.67233560090702948,subject7,50,5.0
"('base', 'eye')",1.0,2,0.6201814058956916,subject8,50,5.0
"('color', 'eye')",0.88095238095238082,2,0.64625850340136048,subject9,50,5.0
"('base', 'pass')",0.8571428571428571,2,0.58730158730158732,subject10,50,5.0
"('color', 'song')",1.0,2,0.6201814058956916,subject11,50,5.0
"('color', 'song')",0.88095238095238082,2,0.63265306122448972,subject12,50,5.0
"('base', 'color')",0.95238095238095233,2,0.81859410430839019,subject13,50,5.0
"('color', 'pass')",0.83333333333333326,2,0.62471655328798192,subject14,50,5.0
"('color', 'sport')",0.95238095238095233,2,0.75170068027210868,subject0,50,4.0
"('base', 'color')",1.0,2,0.80385487528344668,subject1,50,4.0
"('color', 'pass')",1.0,2,0.70408163265306123,subject2,50,4.0
"('finger', 'pass')",1.0,2,0.75170068027210901,subject3,50,4.0
"('base', 'sport')",1.0,2,0.6768707482993197,subject4,50,4.0
"('eye', 'finger')",1.0,2,0.67006802721088443,subject5,50,4.0
"('base', 'color')",0.90476190476190477,2,0.62358276643990906,subject6,50,4.0
"('eye', 'pass')",0.90476190476190488,2,0.64172335600907027,subject7,50,4.0
"('base', 'eye')",1.0,2,0.58163265306122458,subject8,50,4.0
"('color', 'eye')",0.90476190476190477,2,0.67800453514739212,subject9,50,4.0
"('base', 'pass')",0.83333333333333337,2,0.59523809523809512,subject10,50,4.0
"('color', 'song')",1.0,2,0.61224489795918358,subject11,50,4.0
"('color', 'song')",0.7857142857142857,2,0.63718820861677994,subject12,50,4.0
"('base', 'color')",1.0,2,0.80158730158730152,subject13,50,4.0
"('color', 'pass')",0.90476190476190477,2,0.6428571428571429,subject14,50,4.0
"('color', 'song')",0.90476190476190477,2,0.70861678004535145,subject0,50,3.0
"('color', 'pass')",1.0,2,0.79478458049886602,subject1,50,3.0
"('color', 'pass')",1.0,2,0.68367346938775531,subject2,50,3.0
"('pass', 'song')",1.0,2,0.73809523809523825,subject3,50,3.0
"('base', 'sport')",0.95238095238095233,2,0.6734693877551019,subject4,50,3.0
"('base', 'color')",0.88095238095238082,2,0.5941043083900226,subject5,50,3.0
"('base', 'color')",0.90476190476190477,2,0.62585034013605445,subject6,50,3.0
"('eye', 'pass')",0.90476190476190488,2,0.64285714285714279,subject7,50,3.0
"('base', 'eye')",1.0,2,0.58276643990929722,subject8,50,3.0
"('finger', 'song')",0.8571428571428571,2,0.67913832199546476,subject9,50,3.0
"('base', 'pass')",0.7857142857142857,2,0.5714285714285714,subject10,50,3.0
"('color', 'pass')",0.90476190476190477,2,0.64172335600907027,subject11,50,3.0
"('color', 'finger')",0.9285714285714286,2,0.65759637188208608,subject12,50,3.0
"('base', 'song')",1.0,2,0.7743764172335601,subject13,50,3.0
"('color', 'finger')",0.83333333333333326,2,0.63605442176870752,subject14,50,3.0
"('color', 'sport')",0.88095238095238082,2,0.64058956916099774,subject0,50,2.0
"('color', 'pass')",1.0,2,0.76984126984126977,subject1,50,2.0
"('color', 'sport')",1.0,2,0.62585034013605456,subject2,50,2.0
"('color', 'finger')",0.95238095238095233,2,0.70861678004535145,subject3,50,2.0
"('base', 'eye')",0.88095238095238082,2,0.60770975056689336,subject4,50,2.0
"('color', 'eye')",0.90476190476190477,2,0.61564625850340138,subject5,50,2.0
"('base', 'sport')",0.95238095238095233,2,0.65079365079365081,subject6,50,2.0
"('color', 'pass')",0.95238095238095233,2,0.62811791383219939,subject7,50,2.0
"('base', 'eye')",1.0,2,0.57823129251700678,subject8,50,2.0
"('eye', 'sport')",0.8571428571428571,2,0.63151927437641697,subject9,50,2.0
"('base', 'eye')",0.7857142857142857,2,0.52834467120181405,subject10,50,2.0
"('color', 'song')",0.90476190476190477,2,0.62018140589569171,subject11,50,2.0
"('color', 'finger')",0.95238095238095233,2,0.62925170068027203,subject12,50,2.0
"('base', 'song')",0.95238095238095233,2,0.77210884353741505,subject13,50,2.0
"('color', 'eye')",0.8571428571428571,2,0.58276643990929688,subject14,50,2.0
"('color', 'pass')",0.95238095238095233,2,0.59070294784580479,subject0,50,1.0
"('color', 'pass')",1.0,2,0.75510204081632659,subject1,50,1.0
"('color', 'song')",0.95238095238095233,2,0.59410430839002282,subject2,50,1.0
"('pass', 'song')",1.0,2,0.64965986394557818,subject3,50,1.0
"('color', 'song')",0.83333333333333326,2,0.61224489795918358,subject4,50,1.0
"('color', 'eye')",0.90476190476190477,2,0.61791383219954654,subject5,50,1.0
"('base', 'sport')",1.0,2,0.67006802721088432,subject6,50,1.0
"('finger', 'song')",1.0,2,0.6473922902494329,subject7,50,1.0
"('base', 'eye')",0.9285714285714286,2,0.6247165532879817,subject8,50,1.0
"('base', 'eye')",0.88095238095238082,2,0.60317460317460303,subject9,50,1.0
"('color', 'eye')",0.88095238095238082,2,0.56802721088435371,subject10,50,1.0
"('color', 'song')",0.90476190476190477,2,0.55442176870748305,subject11,50,1.0
"('color', 'pass')",0.88095238095238082,2,0.62358276643990918,subject12,50,1.0
"('color', 'sport')",1.0,2,0.70748299319727914,subject13,50,1.0
"('color', 'eye')",0.80952380952380942,2,0.52947845804988658,subject14,50,1.0
"('base', 'eye')",0.88095238095238082,2,0.61337868480725621,subject0,50,0.5
"('color', 'pass')",1.0,2,0.69614512471655321,subject1,50,0.5
"('color', 'pass')",0.9285714285714286,2,0.63151927437641731,subject2,50,0.5
"('pass', 'song')",0.9285714285714286,2,0.59410430839002271,subject3,50,0.5
"('color', 'finger')",0.95238095238095233,2,0.58730158730158744,subject4,50,0.5
"('color', 'finger')",0.73809523809523803,2,0.49206349206349209,subject5,50,0.5
"('color', 'sport')",0.83333333333333326,2,0.60430839002267567,subject6,50,0.5
"('color', 'pass')",0.8571428571428571,2,0.58730158730158721,subject7,50,0.5
"('color', 'eye')",0.9285714285714286,2,0.5907029478458049,subject8,50,0.5
"('base', 'color')",1.0,2,0.64172335600907038,subject9,50,0.5
"('eye', 'pass')",0.95238095238095233,2,0.61111111111111094,subject10,50,0.5
"('color', 'song')",0.95238095238095233,2,0.60090702947845798,subject11,50,0.5
"('eye', 'finger')",0.8571428571428571,2,0.66213151927437641,subject12,50,0.5
"('color', 'sport')",1.0,2,0.71201814058956914,subject13,50,0.5
"('song', 'sport')",0.8571428571428571,2,0.5340136054421768,subject14,50,0.5
"('color', 'pass')",0.95238095238095233,2,0.69274376417233563,subject0,25,9
"('base', 'color')",1.0,2,0.82539682539682535,subject1,25,9
"('color', 'pass')",1.0,2,0.76077097505668934,subject2,25,9
"('color', 'pass')",1.0,2,0.79024943310657614,subject3,25,9
"('color', 'sport')",0.90476190476190477,2,0.68367346938775508,subject4,25,9
"('base', 'color')",0.95238095238095233,2,0.63945578231292521,subject5,25,9
"('eye', 'sport')",0.95238095238095233,2,0.68367346938775508,subject6,25,9
"('color', 'pass')",0.95238095238095233,2,0.68934240362811772,subject7,25,9
"('color', 'pass')",0.95238095238095233,2,0.70408163265306123,subject8,25,9
"('color', 'sport')",1.0,2,0.65419501133786839,subject9,25,9
"('eye', 'finger')",0.8571428571428571,2,0.60544217687074831,subject10,25,9
"('color', 'song')",1.0,2,0.67346938775510223,subject11,25,9
"('base', 'song')",0.90476190476190477,2,0.71541950113378672,subject12,25,9
"('color', 'song')",1.0,2,0.80385487528344668,subject13,25,9
"('color', 'finger')",0.80952380952380942,2,0.58956916099773249,subject14,25,9
"('base', 'color')",0.88095238095238082,2,0.69614512471655321,subject0,25,8
"('base', 'color')",1.0,2,0.81519274376417228,subject1,25,8
"('color', 'pass')",1.0,2,0.76984126984126988,subject2,25,8
"('color', 'pass')",1.0,2,0.74489795918367363,subject3,25,8
"('color', 'song')",0.90476190476190477,2,0.61904761904761907,subject4,25,8
"('base', 'color')",1.0,2,0.63718820861677994,subject5,25,8
"('base', 'color')",0.90476190476190477,2,0.65306122448979587,subject6,25,8
"('base', 'pass')",0.9285714285714286,2,0.66099773242630389,subject7,25,8
"('color', 'eye')",1.0,2,0.69274376417233563,subject8,25,8
"('color', 'eye')",0.95238095238095233,2,0.65192743764172345,subject9,25,8
"('base', 'sport')",0.7857142857142857,2,0.60770975056689325,subject10,25,8
"('color', 'song')",1.0,2,0.64399092970521543,subject11,25,8
"('color', 'finger')",0.90476190476190488,2,0.71201814058956914,subject12,25,8
"('base', 'song')",1.0,2,0.79478458049886636,subject13,25,8
"('base', 'eye')",0.90476190476190477,2,0.60997732426303841,subject14,25,8
"('color', 'pass')",0.88095238095238082,2,0.70294784580498848,subject0,25,7
"('base', 'color')",1.0,2,0.84353741496598644,subject1,25,7
"('color', 'pass')",1.0,2,0.73469387755102056,subject2,25,7
"('pass', 'song')",1.0,2,0.75056689342403637,subject3,25,7
"('color', 'song')",0.95238095238095233,2,0.63378684807256236,subject4,25,7
"('base', 'color')",0.90476190476190477,2,0.63945578231292521,subject5,25,7
"('eye', 'sport')",0.90476190476190477,2,0.62925170068027203,subject6,25,7
"('color', 'pass')",0.95238095238095233,2,0.69160997732426299,subject7,25,7
"('base', 'eye')",1.0,2,0.7029478458049887,subject8,25,7
"('color', 'eye')",1.0,2,0.68027210884353717,subject9,25,7
"('base', 'color')",0.83333333333333326,2,0.61564625850340116,subject10,25,7
"('color', 'song')",1.0,2,0.65532879818594103,subject11,25,7
"('color', 'finger')",0.95238095238095233,2,0.71088435374149639,subject12,25,7
"('base', 'song')",1.0,2,0.79024943310657614,subject13,25,7
"('base', 'pass')",0.88095238095238082,2,0.61337868480725621,subject14,25,7
"('finger', 'pass')",0.95238095238095233,2,0.70068027210884354,subject0,25,6.0
"('base', 'color')",1.0,2,0.78798185941043097,subject1,25,6.0
"('color', 'pass')",1.0,2,0.76077097505668956,subject2,25,6.0
"('pass', 'song')",1.0,2,0.7630385487528345,subject3,25,6.0
"('color', 'song')",0.8571428571428571,2,0.65646258503401356,subject4,25,6.0
"('base', 'color')",0.88095238095238082,2,0.6281179138321995,subject5,25,6.0
"('eye', 'sport')",0.90476190476190477,2,0.64625850340136037,subject6,25,6.0
"('color', 'pass')",0.95238095238095233,2,0.65532879818594103,subject7,25,6.0
"('base', 'eye')",1.0,2,0.73809523809523803,subject8,25,6.0
"('color', 'eye')",0.90476190476190477,2,0.62811791383219939,subject9,25,6.0
"('base', 'eye')",0.88095238095238082,2,0.60997732426303863,subject10,25,6.0
"('color', 'song')",0.90476190476190477,2,0.60204081632653073,subject11,25,6.0
"('eye', 'song')",0.80952380952380942,2,0.65306122448979576,subject12,25,6.0
"('base', 'color')",1.0,2,0.82766439909297063,subject13,25,6.0
"('color', 'pass')",0.90476190476190477,2,0.63832199546485258,subject14,25,6.0
"('color', 'sport')",0.95238095238095233,2,0.68594104308390025,subject0,25,5.0
"('base', 'color')",1.0,2,0.78458049886621306,subject1,25,5.0
"('color', 'pass')",1.0,2,0.72789115646258506,subject2,25,5.0
"('finger', 'pass')",0.95238095238095233,2,0.74263038548752835,subject3,25,5.0
"('color', 'song')",0.9285714285714286,2,0.62811791383219961,subject4,25,5.0
"('eye', 'finger')",0.90476190476190477,2,0.66099773242630377,subject5,25,5.0
"('color', 'sport')",0.90476190476190477,2,0.65306122448979587,subject6,25,5.0
"('color', 'pass')",0.95238095238095233,2,0.63832199546485258,subject7,25,5.0
"('base', 'eye')",1.0,2,0.67120181405895685,subject8,25,5.0
"('color', 'eye')",0.88095238095238082,2,0.6802721088435375,subject9,25,5.0
"('base', 'eye')",0.80952380952380942,2,0.62811791383219928,subject10,25,5.0
"('color', 'song')",0.95238095238095233,2,0.62018140589569148,subject11,25,5.0
"('color', 'song')",0.83333333333333326,2,0.65192743764172345,subject12,25,5.0
"('color', 'song')",1.0,2,0.80725623582766437,subject13,25,5.0
"('color', 'pass')",0.90476190476190477,2,0.58049886621315183,subject14,25,5.0
"('color', 'sport')",0.90476190476190477,2,0.71315192743764177,subject0,25,4.0
"('base', 'color')",1.0,2,0.80498866213151932,subject1,25,4.0
"('color', 'pass')",1.0,2,0.67460317460317454,subject2,25,4.0
"('pass', 'song')",0.95238095238095233,2,0.69501133786848068,subject3,25,4.0
"('color', 'song')",0.90476190476190477,2,0.60657596371882083,subject4,25,4.0
"('eye', 'finger')",0.95238095238095233,2,0.66553287981859399,subject5,25,4.0
"('base', 'color')",0.90476190476190477,2,0.63718820861677994,subject6,25,4.0
"('color', 'pass')",0.90476190476190477,2,0.59977324263038545,subject7,25,4.0
"('base', 'eye')",1.0,2,0.61111111111111127,subject8,25,4.0
"('color', 'eye')",0.8571428571428571,2,0.64285714285714257,subject9,25,4.0
"('pass', 'sport')",0.83333333333333326,2,0.58616780045351458,subject10,25,4.0
"('color', 'song')",1.0,2,0.58390022675736952,subject11,25,4.0
"('eye', 'pass')",0.83333333333333326,2,0.68934240362811783,subject12,25,4.0
"('base', 'color')",0.95238095238095233,2,0.79591836734693877,subject13,25,4.0
"('base', 'sport')",0.90476190476190477,2,0.60317460317460325,subject14,25,4.0
"('base', 'song')",0.83333333333333326,2,0.68707482993197266,subject0,25,3.0
"('base', 'color')",1.0,2,0.76530612244897966,subject1,25,3.0
"('color', 'pass')",1.0,2,0.634920634920635,subject2,25,3.0
"('color', 'pass')",0.95238095238095233,2,0.70634920634920639,subject3,25,3.0
"('base', 'color')",1.0,2,0.61678004535147379,subject4,25,3.0
"('color', 'eye')",0.8571428571428571,2,0.56802721088435371,subject5,25,3.0
"('base', 'color')",0.95238095238095233,2,0.61224489795918358,subject6,25,3.0
"('eye', 'pass')",0.95238095238095233,2,0.60544217687074819,subject7,25,3.0
"('base', 'eye')",1.0,2,0.5941043083900226,subject8,25,3.0
"('color', 'eye')",0.90476190476190477,2,0.61791383219954643,subject9,25,3.0
"('base', 'pass')",0.76190476190476197,2,0.4829931972789116,subject10,25,3.0
"('color', 'pass')",0.90476190476190477,2,0.61564625850340138,subject11,25,3.0
"('color', 'pass')",0.8571428571428571,2,0.68027210884353739,subject12,25,3.0
"('base', 'color')",0.95238095238095233,2,0.7664399092970523,subject13,25,3.0
"('base', 'pass')",0.83333333333333326,2,0.60657596371882083,subject14,25,3.0
"('color', 'pass')",0.8571428571428571,2,0.65532879818594103,subject0,25,2.0
"('color', 'pass')",1.0,2,0.74943310657596363,subject1,25,2.0
"('color', 'song')",0.95238095238095233,2,0.56689342403628129,subject2,25,2.0
"('color', 'eye')",0.90476190476190477,2,0.67687074829931981,subject3,25,2.0
"('base', 'sport')",0.83333333333333326,2,0.60317460317460303,subject4,25,2.0
"('base', 'pass')",0.80952380952380942,2,0.55782312925170074,subject5,25,2.0
"('base', 'color')",0.8571428571428571,2,0.552154195011338,subject6,25,2.0
"('color', 'pass')",0.8571428571428571,2,0.60430839002267567,subject7,25,2.0
"('base', 'eye')",0.9285714285714286,2,0.58163265306122458,subject8,25,2.0
"('eye', 'song')",0.90476190476190477,2,0.60544217687074819,subject9,25,2.0
"('eye', 'finger')",0.76190476190476186,2,0.53061224489795922,subject10,25,2.0
"('color', 'song')",0.95238095238095233,2,0.58843537414965985,subject11,25,2.0
"('color', 'finger')",0.88095238095238082,2,0.64512471655328785,subject12,25,2.0
"('base', 'sport')",0.95238095238095233,2,0.77210884353741505,subject13,25,2.0
"('color', 'finger')",0.76190476190476197,2,0.55555555555555558,subject14,25,2.0
"('color', 'pass')",0.90476190476190477,2,0.63038548752834467,subject0,25,1.0
"('color', 'pass')",1.0,2,0.77324263038548746,subject1,25,1.0
"('color', 'pass')",0.9285714285714286,2,0.53061224489795933,subject2,25,1.0
"('eye', 'pass')",0.90476190476190477,2,0.68140589569161003,subject3,25,1.0
"('color', 'song')",0.76190476190476186,2,0.55782312925170063,subject4,25,1.0
"('eye', 'finger')",0.80952380952380942,2,0.5600907029478458,subject5,25,1.0
"('base', 'color')",0.95238095238095233,2,0.65986394557823125,subject6,25,1.0
"('color', 'pass')",0.90476190476190477,2,0.67573696145124706,subject7,25,1.0
"('base', 'eye')",0.9285714285714286,2,0.60770975056689358,subject8,25,1.0
"('eye', 'sport')",0.90476190476190477,2,0.5714285714285714,subject9,25,1.0
"('eye', 'pass')",0.7857142857142857,2,0.54308390022675734,subject10,25,1.0
"('color', 'song')",0.88095238095238082,2,0.53854875283446701,subject11,25,1.0
"('color', 'pass')",0.88095238095238082,2,0.63265306122448961,subject12,25,1.0
"('color', 'song')",1.0,2,0.75283446712018143,subject13,25,1.0
"('color', 'finger')",0.80952380952380942,2,0.54195011337868471,subject14,25,1.0
"('color', 'song')",0.9285714285714286,2,0.59523809523809512,subject0,25,0.5
"('color', 'pass')",1.0,2,0.66326530612244894,subject1,25,0.5
"('color', 'pass')",0.9285714285714286,2,0.64399092970521543,subject2,25,0.5
"('pass', 'sport')",0.95238095238095233,2,0.66893424036281168,subject3,25,0.5
"('color', 'sport')",0.90476190476190477,2,0.59410430839002271,subject4,25,0.5
"('color', 'finger')",0.7857142857142857,2,0.50680272108843538,subject5,25,0.5
"('color', 'eye')",0.95238095238095233,2,0.61111111111111116,subject6,25,0.5
"('color', 'pass')",0.80952380952380942,2,0.58503401360544205,subject7,25,0.5
"('color', 'eye')",1.0,2,0.57256235827664392,subject8,25,0.5
"('base', 'color')",0.90476190476190477,2,0.6473922902494329,subject9,25,0.5
"('color', 'pass')",0.95238095238095233,2,0.58730158730158721,subject10,25,0.5
"('base', 'color')",0.95238095238095233,2,0.65532879818594103,subject11,25,0.5
"('color', 'song')",0.8571428571428571,2,0.6655328798185941,subject12,25,0.5
"('color', 'sport')",0.88095238095238082,2,0.66780045351473938,subject13,25,0.5
"('base', 'eye')",0.7857142857142857,2,0.49773242630385478,subject14,25,0.5
